id,record_type,original_path,current_path,status,purpose,category,document_type,replaced_by,related_script_ids,formal_reference,runnable,source_sha256,current_sha256
analyze-discrete-vs-lstm-guard-v1,script,analyze_discrete_vs_lstm_guard_v1.py,scripts/diagnostics/analyze_discrete_vs_lstm_guard_v1.py,active,analyze discrete vs lstm guard v1,diagnostics,,,,false,false,502fdbf02259f8a237844bb4a0261c646955d6b465aae483c19b3b5a990b6bf1,502fdbf02259f8a237844bb4a0261c646955d6b465aae483c19b3b5a990b6bf1
apply-confirmed-5site-gridmet-weather-inputs-v1,script,apply_confirmed_5site_gridmet_weather_inputs_v1.py,scripts/data_preparation/apply_confirmed_5site_gridmet_weather_inputs_v1.py,active,apply confirmed 5site gridmet weather inputs v1,data_preparation,,,,false,false,427d665beb321779d89ebfda428ec80445edc01d2fc57847466d82b21ad28bdf,427d665beb321779d89ebfda428ec80445edc01d2fc57847466d82b21ad28bdf
apply-confirmed-5site-polaris-soil-inputs-v1,script,apply_confirmed_5site_polaris_soil_inputs_v1.py,scripts/data_preparation/apply_confirmed_5site_polaris_soil_inputs_v1.py,active,apply confirmed 5site polaris soil inputs v1,data_preparation,,,,false,false,a21d1ee9d7e878eb4098f3791e83662db01c9abd03969e6a021d290842e82256,a21d1ee9d7e878eb4098f3791e83662db01c9abd03969e6a021d290842e82256
apply-confirmed-5site-static-swp-inputs-v1,script,apply_confirmed_5site_static_swp_inputs_v1.py,scripts/data_preparation/apply_confirmed_5site_static_swp_inputs_v1.py,active,apply confirmed 5site static swp inputs v1,data_preparation,,,,false,false,7700fa5aa619a4f2be97c95fbad25582c425b74698aea21dbda9eb5019cbde31,7700fa5aa619a4f2be97c95fbad25582c425b74698aea21dbda9eb5019cbde31
apply-continuous-ir-12site-gridmet-weather-inputs-v1,script,apply_continuous_ir_12site_gridmet_weather_inputs_v1.py,scripts/data_preparation/apply_continuous_ir_12site_gridmet_weather_inputs_v1.py,active,apply continuous ir 12site gridmet weather inputs v1,data_preparation,,,,false,false,e2ce1b4a4974925f48ccb5cb5af6ce3c4a3c8f7e8ee28bf13331c2ac690f520a,e2ce1b4a4974925f48ccb5cb5af6ce3c4a3c8f7e8ee28bf13331c2ac690f520a
apply-continuous-ir-12site-static-polaris-inputs-v1,script,apply_continuous_ir_12site_static_polaris_inputs_v1.py,scripts/data_preparation/apply_continuous_ir_12site_static_polaris_inputs_v1.py,active,apply continuous ir 12site static polaris inputs v1,data_preparation,,,,false,false,7df19339a9e2b0a331018e6996c39066a378bb422d641e06557c64f9918928b2,7df19339a9e2b0a331018e6996c39066a378bb422d641e06557c64f9918928b2
apply-lstm-twostage-irrigation-policy-v1,script,apply_lstm_twostage_irrigation_policy_v1.py,scripts/evaluation/apply_lstm_twostage_irrigation_policy_v1.py,active,apply lstm twostage irrigation policy v1,evaluation,,,,false,false,6de99e6b0a3d13e20d7b456d790a37c43e6e1e1b60413255f539e96238f0a79b,6de99e6b0a3d13e20d7b456d790a37c43e6e1e1b60413255f539e96238f0a79b
apply-safe-threshold-policy-v1,script,apply_safe_threshold_policy_v1.py,scripts/evaluation/apply_safe_threshold_policy_v1.py,active,apply safe threshold policy v1,evaluation,,,,false,false,9f121f11fe0aa4fb936e4620791351805156c32edd309e3e3b6a7635f32df165,9f121f11fe0aa4fb936e4620791351805156c32edd309e3e3b6a7635f32df165
audit-confirmed-5site-input-generation-v1,script,audit_confirmed_5site_input_generation_v1.py,scripts/diagnostics/audit_confirmed_5site_input_generation_v1.py,active,audit confirmed 5site input generation v1,diagnostics,,,,false,false,e504ab1a46bb36d56693f8196932e11665eee41c1ec218811a65e3882938fb3b,e504ab1a46bb36d56693f8196932e11665eee41c1ec218811a65e3882938fb3b
audit-confirmed-5site-multidate-training-readiness-v1,script,audit_confirmed_5site_multidate_training_readiness_v1.py,scripts/diagnostics/audit_confirmed_5site_multidate_training_readiness_v1.py,active,audit confirmed 5site multidate training readiness v1,diagnostics,,,,false,false,fcb6b4dabc91c2d76b0aa2e48c2637bea39a826001a7a1889edfa5f6426aacce,fcb6b4dabc91c2d76b0aa2e48c2637bea39a826001a7a1889edfa5f6426aacce
audit-confirmed-5site-restart-curves-v1,script,audit_confirmed_5site_restart_curves_v1.py,scripts/diagnostics/audit_confirmed_5site_restart_curves_v1.py,active,audit confirmed 5site restart curves v1,diagnostics,,,,false,false,af349f2cf9b7087626b7559f1e65a5837da8086f2908dc8f8e5fb3af4eada0f0,af349f2cf9b7087626b7559f1e65a5837da8086f2908dc8f8e5fb3af4eada0f0
audit-multisite-inputs-v1,script,audit_multisite_inputs_v1.py,scripts/diagnostics/audit_multisite_inputs_v1.py,active,audit multisite inputs v1,diagnostics,,,,false,false,7a93f35bd112563efcd3e2ca32c64251de29b10b685cf1c5cec55acbc7876d90,7a93f35bd112563efcd3e2ca32c64251de29b10b685cf1c5cec55acbc7876d90
audit-uploaded-base-data,script,audit_uploaded_base_data.py,scripts/diagnostics/audit_uploaded_base_data.py,active,audit uploaded base data,diagnostics,,,,false,false,613041994b623796121b8eba6bfa28bb862a23217186adba2eb904af4c137341,613041994b623796121b8eba6bfa28bb862a23217186adba2eb904af4c137341
build-binary-trigger-calibration-selector-supervision-v1,script,build_binary_trigger_calibration_selector_supervision_v1.py,scripts/data_preparation/build_binary_trigger_calibration_selector_supervision_v1.py,active,build binary trigger calibration selector supervision v1,data_preparation,,,,false,false,1cb33c8e2a3294d1ebcb50049015d68925bc3115e7d3c4b85cd29ad29387ceeb,1cb33c8e2a3294d1ebcb50049015d68925bc3115e7d3c4b85cd29ad29387ceeb
build-confirmed-5site-true-input-surrogate-features-v1,script,build_confirmed_5site_true_input_surrogate_features_v1.py,scripts/data_preparation/build_confirmed_5site_true_input_surrogate_features_v1.py,active,build confirmed 5site true input surrogate features v1,data_preparation,,,,false,false,fe64471c99306d33be4a97b3977ef8b9431f50a9ba1a4817cc0bd725a5977d03,fe64471c99306d33be4a97b3977ef8b9431f50a9ba1a4817cc0bd725a5977d03
build-confirmed-5site-true-input-surrogate-table-v1,script,build_confirmed_5site_true_input_surrogate_table_v1.py,scripts/data_preparation/build_confirmed_5site_true_input_surrogate_table_v1.py,active,build confirmed 5site true input surrogate table v1,data_preparation,,,,false,false,d3aaf2bbbe24544e6fbb0a6fc9a17b8d53cdf0b40bcc9d29aefb9db45eeee44c,d3aaf2bbbe24544e6fbb0a6fc9a17b8d53cdf0b40bcc9d29aefb9db45eeee44c
build-continuous-ir-12site-surrogate-features-v1,script,build_continuous_ir_12site_surrogate_features_v1.py,scripts/data_preparation/build_continuous_ir_12site_surrogate_features_v1.py,active,build continuous ir 12site surrogate features v1,data_preparation,,,,false,false,c02aeb182f6e4533ec8b35a9f512aefc92800fa22683ebd8ad5d9e16394fa017,c02aeb182f6e4533ec8b35a9f512aefc92800fa22683ebd8ad5d9e16394fa017
build-continuous-ir-sequence-wide-features-v1,script,build_continuous_ir_sequence_wide_features_v1.py,scripts/data_preparation/build_continuous_ir_sequence_wide_features_v1.py,active,build continuous ir sequence wide features v1,data_preparation,,,,false,false,0b3044bde03da8230d5c676e7bd87108b552e0ec8667a5f1d1060387c9782c02,0b3044bde03da8230d5c676e7bd87108b552e0ec8667a5f1d1060387c9782c02
build-expanded-formal-evaluation-table-v1,script,build_expanded_formal_evaluation_table_v1.py,scripts/data_preparation/build_expanded_formal_evaluation_table_v1.py,active,build expanded formal evaluation table v1,data_preparation,,,,false,false,29e8d77f367d676d4bd534cf15cdc5e5ea865a15e97166d463a3f56938067c8e,29e8d77f367d676d4bd534cf15cdc5e5ea865a15e97166d463a3f56938067c8e
build-shortterm-surrogate-expanded-v1,script,build_shortterm_surrogate_expanded_v1.py,scripts/data_preparation/build_shortterm_surrogate_expanded_v1.py,active,build shortterm surrogate expanded v1,data_preparation,,,,false,false,fa3c840abc3fb17fdbdb377a5f896a445157755b1fbc5341b9cbf1915710f8e7,fa3c840abc3fb17fdbdb377a5f896a445157755b1fbc5341b9cbf1915710f8e7
calibrate-continuous-irrigation-twohead-threshold-v1,script,calibrate_continuous_irrigation_twohead_threshold_v1.py,scripts/training/calibrate_continuous_irrigation_twohead_threshold_v1.py,active,calibrate continuous irrigation twohead threshold v1,training,,,,false,false,641b5ed23a6529f6765abaab5b161d2a27afb208d908c3d552281eed86881388,641b5ed23a6529f6765abaab5b161d2a27afb208d908c3d552281eed86881388
collect-decision-smoke-results,script,collect_decision_smoke_results.py,scripts/evaluation/collect_decision_smoke_results.py,active,collect decision smoke results,evaluation,,,,false,false,65017bfa31918b9d5087cf34ce5c8283a90e57a07b04c31ad9f1f5bd99a7789c,65017bfa31918b9d5087cf34ce5c8283a90e57a07b04c31ad9f1f5bd99a7789c
compare-discrete-vs-continuous-ir-optimization-v1,script,compare_discrete_vs_continuous_ir_optimization_v1.py,scripts/diagnostics/compare_discrete_vs_continuous_ir_optimization_v1.py,active,compare discrete vs continuous ir optimization v1,diagnostics,,,,false,false,f3b59c230b9e7f4be93c8195778619b588e9eebe2f99c0a54ec388f732107552,f3b59c230b9e7f4be93c8195778619b588e9eebe2f99c0a54ec388f732107552
compare-expanded-policy-results-v1,script,compare_expanded_policy_results_v1.py,scripts/archive/superseded/compare_expanded_policy_results_v1.py,superseded,compare expanded policy results v1,archive,,compare_expanded_policy_results_v3.py,,false,false,c54ef9f9cea4b269a2d767e1e2b3bc547431a5e34161b4eb203ba4163339d37d,c54ef9f9cea4b269a2d767e1e2b3bc547431a5e34161b4eb203ba4163339d37d
compare-expanded-policy-results-v2,script,compare_expanded_policy_results_v2.py,scripts/archive/superseded/compare_expanded_policy_results_v2.py,superseded,compare expanded policy results v2,archive,,compare_expanded_policy_results_v3.py,,false,false,cd85f3e562f3da951a17e8c9bd983e57d4f1749be3c7d263158b7c57e660c388,cd85f3e562f3da951a17e8c9bd983e57d4f1749be3c7d263158b7c57e660c388
compare-expanded-policy-results-v3,script,compare_expanded_policy_results_v3.py,scripts/diagnostics/compare_expanded_policy_results_v3.py,active,compare expanded policy results v3,diagnostics,,,,false,false,2526329cde72021170a4cc405f1c2788c6d1fbc18e123ab1ef28c73263f3feb8,2526329cde72021170a4cc405f1c2788c6d1fbc18e123ab1ef28c73263f3feb8
compare-restart-to-author-ensemble,script,compare_restart_to_author_ensemble.py,scripts/diagnostics/compare_restart_to_author_ensemble.py,active,compare restart to author ensemble,diagnostics,,,,false,false,555d7eba768c6a3ee90b864353b34718eb43560de2ea6f49370bc4aec0e5d8b3,555d7eba768c6a3ee90b864353b34718eb43560de2ea6f49370bc4aec0e5d8b3
decision-candidate-worker,script,decision_candidate_worker.py,scripts/simulation/decision_candidate_worker.py,active,decision candidate worker,simulation,,,,false,false,914c7b073ccc7c75e26a9f5c905f959fba6b36b1cf37bd8429deb76cf0d07f4a,914c7b073ccc7c75e26a9f5c905f959fba6b36b1cf37bd8429deb76cf0d07f4a
decision-restart-8ir-compare,script,decision_restart_8ir_compare.py,scripts/simulation/decision_restart_8ir_compare.py,active,decision restart 8ir compare,simulation,,,,false,false,a6cb73ddf8bba999a762c897a7e7900f2cb6f2790540603849ce1912c25b812a,a6cb73ddf8bba999a762c897a7e7900f2cb6f2790540603849ce1912c25b812a
decision-restart-multiday-compare,script,decision_restart_multiday_compare.py,scripts/simulation/decision_restart_multiday_compare.py,active,decision restart multiday compare,simulation,,,,false,false,6b9edea9fe9c7ec51aed139172942e50a51b14766c989d44ba1ac796082b209a,6b9edea9fe9c7ec51aed139172942e50a51b14766c989d44ba1ac796082b209a
decision-restart-probe,script,decision_restart_probe.py,scripts/simulation/decision_restart_probe.py,active,decision restart probe,simulation,,,,false,false,60faba87e3b7ea3d53effa232945d567002844946a1d72bc87a8730135a1158e,60faba87e3b7ea3d53effa232945d567002844946a1d72bc87a8730135a1158e
decision-smoke-8ir,script,decision_smoke_8ir.py,scripts/simulation/decision_smoke_8ir.py,active,decision smoke 8ir,simulation,,,,false,false,e1223192f57cbd4aad5214e3fd58ebf251156a3a96ae04568ef9ed64848633ef,e1223192f57cbd4aad5214e3fd58ebf251156a3a96ae04568ef9ed64848633ef
decision-smoke-8ir-parallel,script,decision_smoke_8ir_parallel.py,scripts/simulation/decision_smoke_8ir_parallel.py,active,decision smoke 8ir parallel,simulation,,,,false,false,c0dc506d5a788c5075b36d7b57e973c04d514d36689f743ace695fb76153b80e,c0dc506d5a788c5075b36d7b57e973c04d514d36689f743ace695fb76153b80e
diagnose-binary-trigger-failures-v1,script,diagnose_binary_trigger_failures_v1.py,scripts/diagnostics/diagnose_binary_trigger_failures_v1.py,active,diagnose binary trigger failures v1,diagnostics,,,,false,false,1093bc4d5e63daaf9fee40c464a3271ac20cfd0decf573c58beb58c21b2311de,1093bc4d5e63daaf9fee40c464a3271ac20cfd0decf573c58beb58c21b2311de
diagnose-binary-trigger-loso-calibration-gap-v1,script,diagnose_binary_trigger_loso_calibration_gap_v1.py,scripts/diagnostics/diagnose_binary_trigger_loso_calibration_gap_v1.py,active,diagnose binary trigger loso calibration gap v1,diagnostics,,,,false,false,2e65b197978853af363c5b4d2eeb3c2b7fad5b322974fbbd356135929db46125,2e65b197978853af363c5b4d2eeb3c2b7fad5b322974fbbd356135929db46125
diagnose-binary-trigger-site-threshold-oracle-v1,script,diagnose_binary_trigger_site_threshold_oracle_v1.py,scripts/diagnostics/diagnose_binary_trigger_site_threshold_oracle_v1.py,active,diagnose binary trigger site threshold oracle v1,diagnostics,,,,false,false,171999e1c09ee2c006a3f9ab5b824e5f45140fd822d5c513d18c921de82fd5e6,171999e1c09ee2c006a3f9ab5b824e5f45140fd822d5c513d18c921de82fd5e6
diagnose-continuous-ir-site-generalization-v1,script,diagnose_continuous_ir_site_generalization_v1.py,scripts/diagnostics/diagnose_continuous_ir_site_generalization_v1.py,active,diagnose continuous ir site generalization v1,diagnostics,,,,false,false,4c22bd948866c0f052a9cd3df60ab01f402da1906b8fd808b9af42453cf62b9a,4c22bd948866c0f052a9cd3df60ab01f402da1906b8fd808b9af42453cf62b9a
diagnose-curve-top-failure-from-decisions-v1,script,diagnose_curve_top_failure_from_decisions_v1.py,scripts/diagnostics/diagnose_curve_top_failure_from_decisions_v1.py,active,diagnose curve top failure from decisions v1,diagnostics,,,,false,false,0e216e353d656c691185f7f4527cf8562ebd0411228803dbf84e7b91ce0b39c9,0e216e353d656c691185f7f4527cf8562ebd0411228803dbf84e7b91ce0b39c9
diagnose-expanded-date-feature-state-v1,script,diagnose_expanded_date_feature_state_v1.py,scripts/diagnostics/diagnose_expanded_date_feature_state_v1.py,active,diagnose expanded date feature state v1,diagnostics,,,,false,false,59f3f4376a3977e7151fd7a998c7bc53163864e6fa67b499c5a5a1b571437d9f,59f3f4376a3977e7151fd7a998c7bc53163864e6fa67b499c5a5a1b571437d9f
diagnose-expanded-policy-worst-dates-v1,script,diagnose_expanded_policy_worst_dates_v1.py,scripts/diagnostics/diagnose_expanded_policy_worst_dates_v1.py,active,diagnose expanded policy worst dates v1,diagnostics,,,,false,false,3b29bc7d92ae9786dc167dc4928570b59a99bee425b39aa12d0c02871e2194c7,3b29bc7d92ae9786dc167dc4928570b59a99bee425b39aa12d0c02871e2194c7
diagnose-failure-case-environment-from-public-data-v1,script,diagnose_failure_case_environment_from_public_data_v1.py,scripts/diagnostics/diagnose_failure_case_environment_from_public_data_v1.py,active,diagnose failure case environment from public data v1,diagnostics,,,,false,false,773afa7e041c768567a56c2082fcfbb06f2562c6a0a03639a669c637f0d8c96d,773afa7e041c768567a56c2082fcfbb06f2562c6a0a03639a669c637f0d8c96d
diagnose-fixed-list-local-refinement-headroom-v1,script,diagnose_fixed_list_local_refinement_headroom_v1.py,scripts/diagnostics/diagnose_fixed_list_local_refinement_headroom_v1.py,active,diagnose fixed list local refinement headroom v1,diagnostics,,,,false,false,961c277b02a3460c8409548302f8424f3d583843c7373094ba754a8ecf8c519f,961c277b02a3460c8409548302f8424f3d583843c7373094ba754a8ecf8c519f
diagnose-lstm-ranking-vs-discrete-policy-v1,script,diagnose_lstm_ranking_vs_discrete_policy_v1.py,scripts/diagnostics/diagnose_lstm_ranking_vs_discrete_policy_v1.py,active,diagnose lstm ranking vs discrete policy v1,diagnostics,,,,false,false,33268acab937bce98fbd37d3d3d1221df444fd6530ec678c6f5ed6a28995ce90,33268acab937bce98fbd37d3d3d1221df444fd6530ec678c6f5ed6a28995ce90
diagnose-persite-curve-ranker-cv-failures-v1,script,diagnose_persite_curve_ranker_cv_failures_v1.py,scripts/diagnostics/diagnose_persite_curve_ranker_cv_failures_v1.py,active,diagnose persite curve ranker cv failures v1,diagnostics,,,,false,false,6d181a174b3096c32386c832c87a23f8b815573f32af9c704200f1534dfca93d,6d181a174b3096c32386c832c87a23f8b815573f32af9c704200f1534dfca93d
diagnose-persite-curve-top-ranker-cv-failures-v1,script,diagnose_persite_curve_top_ranker_cv_failures_v1.py,scripts/diagnostics/diagnose_persite_curve_top_ranker_cv_failures_v1.py,active,diagnose persite curve top ranker cv failures v1,diagnostics,,,,false,false,a05bad49e2bd3076807aef6acccc40e28b27bdb070337f06794439796394f8a9,a05bad49e2bd3076807aef6acccc40e28b27bdb070337f06794439796394f8a9
diagnose-tree-surrogate-curves-v1,script,diagnose_tree_surrogate_curves_v1.py,scripts/diagnostics/diagnose_tree_surrogate_curves_v1.py,active,diagnose tree surrogate curves v1,diagnostics,,,,false,false,c02c7b9c1fbb297b815b77dd51d6fd2241b0988b1fa59cd47c1ca5e636853734,c02c7b9c1fbb297b815b77dd51d6fd2241b0988b1fa59cd47c1ca5e636853734
evaluate-binary-trigger-fewshot-site-calibration-v1,script,evaluate_binary_trigger_fewshot_site_calibration_v1.py,scripts/evaluation/evaluate_binary_trigger_fewshot_site_calibration_v1.py,active,evaluate binary trigger fewshot site calibration v1,evaluation,,,,false,false,569fcf58bafcd7c2079410e921a016b330d5f9c87abdf7e9404fd820e37c323c,569fcf58bafcd7c2079410e921a016b330d5f9c87abdf7e9404fd820e37c323c
evaluate-binary-trigger-loso-calibration-policies-v1,script,evaluate_binary_trigger_loso_calibration_policies_v1.py,scripts/evaluation/evaluate_binary_trigger_loso_calibration_policies_v1.py,active,evaluate binary trigger loso calibration policies v1,evaluation,,,,false,false,5de9cc5435e71785696ff4f95f3290d29c2dc03b81489e8af383290ddb7ccdae,5de9cc5435e71785696ff4f95f3290d29c2dc03b81489e8af383290ddb7ccdae
evaluate-binary-trigger-nested-calibration-selector-v1,script,evaluate_binary_trigger_nested_calibration_selector_v1.py,scripts/evaluation/evaluate_binary_trigger_nested_calibration_selector_v1.py,active,evaluate binary trigger nested calibration selector v1,evaluation,,,,false,false,af541ec4a1728fb505e77451b38cc6ca6503a8975c575d98610578e506e5cb2e,af541ec4a1728fb505e77451b38cc6ca6503a8975c575d98610578e506e5cb2e
evaluate-binary-trigger-site-rate-policy-v1,script,evaluate_binary_trigger_site_rate_policy_v1.py,scripts/evaluation/evaluate_binary_trigger_site_rate_policy_v1.py,active,evaluate binary trigger site rate policy v1,evaluation,,,,false,false,c990252e3e6587d5c6990c6d4f5be1d10f0c6fd3e810402adca3597ebedf7746,c990252e3e6587d5c6990c6d4f5be1d10f0c6fd3e810402adca3597ebedf7746
evaluate-binary-trigger-threshold-transfer-v1,script,evaluate_binary_trigger_threshold_transfer_v1.py,scripts/evaluation/evaluate_binary_trigger_threshold_transfer_v1.py,active,evaluate binary trigger threshold transfer v1,evaluation,,,,false,false,d168a2871adc789fa0ebf553816a2a0eaf87bb690dbe78a3e9d2c9f2ba5fcdc6,d168a2871adc789fa0ebf553816a2a0eaf87bb690dbe78a3e9d2c9f2ba5fcdc6
evaluate-confirmed-5site-collapse-guard-v1,script,evaluate_confirmed_5site_collapse_guard_v1.py,scripts/evaluation/evaluate_confirmed_5site_collapse_guard_v1.py,active,evaluate confirmed 5site collapse guard v1,evaluation,,,,false,false,6af0efd60e1f1a226853190ead048e2bcf70d1d50f46e1c238022eee9951786b,6af0efd60e1f1a226853190ead048e2bcf70d1d50f46e1c238022eee9951786b
evaluate-confirmed-5site-surrogate-policy-v1,script,evaluate_confirmed_5site_surrogate_policy_v1.py,scripts/evaluation/evaluate_confirmed_5site_surrogate_policy_v1.py,active,evaluate confirmed 5site surrogate policy v1,evaluation,,,,false,false,c6c40b83dbdf686d2397cda6a7bee20c3cc74466416b7f6bea53e9e7e7b1e010,c6c40b83dbdf686d2397cda6a7bee20c3cc74466416b7f6bea53e9e7e7b1e010
evaluate-expanded-plateau-amount-policy-v1,script,evaluate_expanded_plateau_amount_policy_v1.py,scripts/evaluation/evaluate_expanded_plateau_amount_policy_v1.py,active,evaluate expanded plateau amount policy v1,evaluation,,,,false,false,b5363e7724e68e05b449d53df524f83bb043418200f608c2e302ed4125d25443,b5363e7724e68e05b449d53df524f83bb043418200f608c2e302ed4125d25443
evaluate-expanded-stage-cap-policy-v1,script,evaluate_expanded_stage_cap_policy_v1.py,scripts/evaluation/evaluate_expanded_stage_cap_policy_v1.py,active,evaluate expanded stage cap policy v1,evaluation,,,,false,false,8d2a21e6042e7e4f973f131dfa31128ce3716da0c56f09e55484a6b728331501,8d2a21e6042e7e4f973f131dfa31128ce3716da0c56f09e55484a6b728331501
evaluate-fixed-list-local-surrogate-refinement-v1,script,evaluate_fixed_list_local_surrogate_refinement_v1.py,scripts/evaluation/evaluate_fixed_list_local_surrogate_refinement_v1.py,active,evaluate fixed list local surrogate refinement v1,evaluation,,,,false,false,495e5e4733b5a98a35c7a235a95563510a416701972e7dae4f7f5413c873958c,495e5e4733b5a98a35c7a235a95563510a416701972e7dae4f7f5413c873958c
evaluate-learned-trigger-curve-policy-expanded-v1,script,evaluate_learned_trigger_curve_policy_expanded_v1.py,scripts/evaluation/evaluate_learned_trigger_curve_policy_expanded_v1.py,active,evaluate learned trigger curve policy expanded v1,evaluation,,,,false,false,33d80d0fb90baee84b41588f6ad5941b0aa7532cd45ac271447ec0c220df4ab7,33d80d0fb90baee84b41588f6ad5941b0aa7532cd45ac271447ec0c220df4ab7
evaluate-learned-trigger-curve-policy-v1,script,evaluate_learned_trigger_curve_policy_v1.py,scripts/evaluation/evaluate_learned_trigger_curve_policy_v1.py,active,evaluate learned trigger curve policy v1,evaluation,,,,false,false,c062a1d0b5bca3322f22bb511d702ff58c1f8962d4fcef16051c6acc8fe95b89,c062a1d0b5bca3322f22bb511d702ff58c1f8962d4fcef16051c6acc8fe95b89
evaluate-learned-trigger-curve-policy-v2,script,evaluate_learned_trigger_curve_policy_v2.py,scripts/evaluation/evaluate_learned_trigger_curve_policy_v2.py,active,evaluate learned trigger curve policy v2,evaluation,,,,false,false,f1b37eb58dc1f43d2d3604074f41f22677a22dc164f8b03f2e799d1fb7302a41,f1b37eb58dc1f43d2d3604074f41f22677a22dc164f8b03f2e799d1fb7302a41
evaluate-persite-curve-ranker-guard-policies-v1,script,evaluate_persite_curve_ranker_guard_policies_v1.py,scripts/evaluation/evaluate_persite_curve_ranker_guard_policies_v1.py,active,evaluate persite curve ranker guard policies v1,evaluation,,,,false,false,ac71d9c416a29a57c614d9f19b4eee4f533a797ca97efb7e241df2d061f184fe,ac71d9c416a29a57c614d9f19b4eee4f533a797ca97efb7e241df2d061f184fe
evaluate-persite-tinyforest-fewshot-dates-v1,script,evaluate_persite_tinyforest_fewshot_dates_v1.py,scripts/evaluation/evaluate_persite_tinyforest_fewshot_dates_v1.py,active,evaluate persite tinyforest fewshot dates v1,evaluation,,,,false,false,ad6ead2ae4aeebb55a0283e8d3112d880e9cf080ef79b05b4510a809bb9a3004,ad6ead2ae4aeebb55a0283e8d3112d880e9cf080ef79b05b4510a809bb9a3004
evaluate-threshold-curve-policy-fast-v1,script,evaluate_threshold_curve_policy_fast_v1.py,scripts/evaluation/evaluate_threshold_curve_policy_fast_v1.py,active,evaluate threshold curve policy fast v1,evaluation,,,,false,false,1e3cae920f784329b198dbca6b818d264dcdb8aa2c698e07d526d7fd51f67e48,1e3cae920f784329b198dbca6b818d264dcdb8aa2c698e07d526d7fd51f67e48
evaluate-threshold-curve-policy-v1,script,evaluate_threshold_curve_policy_v1.py,scripts/evaluation/evaluate_threshold_curve_policy_v1.py,active,evaluate threshold curve policy v1,evaluation,,,,false,false,1e0a708b8c48764d563c945fe914884606fcb04b9cd2b2cdff7c08f1df8c812f,1e0a708b8c48764d563c945fe914884606fcb04b9cd2b2cdff7c08f1df8c812f
evaluate-tta-base-plus-rolling-calibration-v1,script,evaluate_tta_base_plus_rolling_calibration_v1.py,scripts/evaluation/evaluate_tta_base_plus_rolling_calibration_v1.py,active,evaluate tta base plus rolling calibration v1,evaluation,,,,false,false,4aead093bd4ab2f718c6652bd99f762e9dd000e2f8841b819d85db7c3ec6e7b3,4aead093bd4ab2f718c6652bd99f762e9dd000e2f8841b819d85db7c3ec6e7b3
evaluate-tta-deployable-guard-from-lightweight-calibration-v1,script,evaluate_tta_deployable_guard_from_lightweight_calibration_v1.py,scripts/evaluation/evaluate_tta_deployable_guard_from_lightweight_calibration_v1.py,active,evaluate tta deployable guard from lightweight calibration v1,evaluation,,,,false,false,5aefea70abc79c8b96a363ab751f4c90efe5274f20544b03784e47a28f6aeab5,5aefea70abc79c8b96a363ab751f4c90efe5274f20544b03784e47a28f6aeab5
evaluate-tta-lightweight-output-calibration-v1,script,evaluate_tta_lightweight_output_calibration_v1.py,scripts/evaluation/evaluate_tta_lightweight_output_calibration_v1.py,active,evaluate tta lightweight output calibration v1,evaluation,,,,false,false,c7a4f6475185959b5276bc9f41df5355722b4ffd0cb2731e77eeabf0f2bcf05c,c7a4f6475185959b5276bc9f41df5355722b4ffd0cb2731e77eeabf0f2bcf05c
evaluate-tta-rolling-date-coverage-v1,script,evaluate_tta_rolling_date_coverage_v1.py,scripts/evaluation/evaluate_tta_rolling_date_coverage_v1.py,active,evaluate tta rolling date coverage v1,evaluation,,,,false,false,6d11fbd8b6d1671f78fbbb437c4e9b9240c1d54742275f442ce126a5d625d11b,6d11fbd8b6d1671f78fbbb437c4e9b9240c1d54742275f442ce126a5d625d11b
extract-current-state-v1,script,extract_current_state_v1.py,scripts/data_preparation/extract_current_state_v1.py,active,extract current state v1,data_preparation,,,,false,false,f19c7fe491aa8e6de91a2f945f46bb72dd97e063de161a0fc32edb01d62bf49a,f19c7fe491aa8e6de91a2f945f46bb72dd97e063de161a0fc32edb01d62bf49a
extract-soil-pressure-state-v1,script,extract_soil_pressure_state_v1.py,scripts/data_preparation/extract_soil_pressure_state_v1.py,active,extract soil pressure state v1,data_preparation,,,,false,false,518651a4939a62ada2080a0a4d96db249a788c8eae8ea757318dbca7478fa2d8,518651a4939a62ada2080a0a4d96db249a788c8eae8ea757318dbca7478fa2d8
extract-true-predecision-state-v1,script,extract_true_predecision_state_v1.py,scripts/data_preparation/extract_true_predecision_state_v1.py,active,extract true predecision state v1,data_preparation,,,,false,false,89c4a650ccdbe51ff61d2ef0bcdd8aa8b7898c91745b94eed903222a8a66182f,89c4a650ccdbe51ff61d2ef0bcdd8aa8b7898c91745b94eed903222a8a66182f
extract-weather-sequences-v1,script,extract_weather_sequences_v1.py,scripts/data_preparation/extract_weather_sequences_v1.py,active,extract weather sequences v1,data_preparation,,,,false,false,a513e09291b6fe939daff076947a63e2f90bdee888607fcfe9d89c858bf3bc72,a513e09291b6fe939daff076947a63e2f90bdee888607fcfe9d89c858bf3bc72
extract-weather-sequences-v2,script,extract_weather_sequences_v2.py,scripts/data_preparation/extract_weather_sequences_v2.py,active,extract weather sequences v2,data_preparation,,,,false,false,0a6a9c1aac604205702298112a72525910375a87e68152df5e1c696c0ff8c57d,0a6a9c1aac604205702298112a72525910375a87e68152df5e1c696c0ff8c57d
finalize-shortterm-surrogate-v1,script,finalize_shortterm_surrogate_v1.py,scripts/evaluation/finalize_shortterm_surrogate_v1.py,active,finalize shortterm surrogate v1,evaluation,,,,false,false,25de46061904ef640ce3cf428483891024403fe1d5f511dbf7dc2cfd786bc325,25de46061904ef640ce3cf428483891024403fe1d5f511dbf7dc2cfd786bc325
gefs-gridmet-bias-validation-v1,script,gefs_gridmet_bias_validation_v1.py,src/s2s_rtist/weather/gefs_gridmet_bias.py,formal,gefs gridmet bias validation v1,weather,,,,true,false,9f43e3b734ac4e33c721ee7bcc5e742c41106d25acccc7f96082ee16fbcfe38f,9f43e3b734ac4e33c721ee7bcc5e742c41106d25acccc7f96082ee16fbcfe38f
generate-restart-decision-dataset,script,generate_restart_decision_dataset.py,src/s2s_rtist/pipelines/restart_decision_dataset.py,formal,generate restart decision dataset,pipelines,,,,true,false,30d33368fd83df191c97c83c6685d496a8a5070c76f02739bb15d6144bc946cd,30d33368fd83df191c97c83c6685d496a8a5070c76f02739bb15d6144bc946cd
generate-restart-decision-dataset-dense-proxy,script,generate_restart_decision_dataset_dense_proxy.py,scripts/simulation/generate_restart_decision_dataset_dense_proxy.py,active,generate restart decision dataset dense proxy,simulation,,,,false,false,7d5c1765d44e0c0916e285f6062dfdf381b75b05220a54f7630de8054bb6fa65,7d5c1765d44e0c0916e285f6062dfdf381b75b05220a54f7630de8054bb6fa65
generate-restart-decision-dataset-expanded,script,generate_restart_decision_dataset_expanded.py,scripts/simulation/generate_restart_decision_dataset_expanded.py,active,generate restart decision dataset expanded,simulation,,,,false,false,75a45bfe3f91ed8b4cb0d15a20d711026fb8a06c4536bc768b84b392614bda5a,75a45bfe3f91ed8b4cb0d15a20d711026fb8a06c4536bc768b84b392614bda5a
main-win,script,Main_win.py,scripts/archive/original_application/Main_win.py,historical,Main win,archive,,,,false,false,53fe5795fdaa80d92743c21e92db2b561061d08648b6649b6b5e331f4581f70e,53fe5795fdaa80d92743c21e92db2b561061d08648b6649b6b5e331f4581f70e
main-win-ensemble-mean,script,Main_win_ensemble_mean.py,scripts/archive/original_application/Main_win_ensemble_mean.py,historical,Main win ensemble mean,archive,,,,false,false,dc22f32347d2bf2be1e8b89e17fe3c66c0702fb9b1be0c63ef5b8a8ac91b79d6,dc22f32347d2bf2be1e8b89e17fe3c66c0702fb9b1be0c63ef5b8a8ac91b79d6
map-code-sites-to-paper-fig4-v1,script,map_code_sites_to_paper_fig4_v1.py,scripts/diagnostics/map_code_sites_to_paper_fig4_v1.py,active,map code sites to paper fig4 v1,diagnostics,,,,false,false,45adf524e4342f901986d7fbe37f9bb61f1676f012bfa5788a5dec10f35a5a97,45adf524e4342f901986d7fbe37f9bb61f1676f012bfa5788a5dec10f35a5a97
merge-current-state-into-shortterm-v1,script,merge_current_state_into_shortterm_v1.py,scripts/data_preparation/merge_current_state_into_shortterm_v1.py,active,merge current state into shortterm v1,data_preparation,,,,false,false,78f8800d121ee7583273f5fada8f6f1d69e832e674ee373564ec510b4cada8b1,78f8800d121ee7583273f5fada8f6f1d69e832e674ee373564ec510b4cada8b1
merge-soil-pressure-into-shortterm-v1,script,merge_soil_pressure_into_shortterm_v1.py,scripts/data_preparation/merge_soil_pressure_into_shortterm_v1.py,active,merge soil pressure into shortterm v1,data_preparation,,,,false,false,07357801f911a56695280bd4a2c2579cfae47ad2250e5819de59b26e31542a34,07357801f911a56695280bd4a2c2579cfae47ad2250e5819de59b26e31542a34
merge-true-state-into-shortterm-v1,script,merge_true_state_into_shortterm_v1.py,scripts/data_preparation/merge_true_state_into_shortterm_v1.py,active,merge true state into shortterm v1,data_preparation,,,,false,false,16dae42f9f7f280b4a3d47eb5126e6e327f2417757d928ade1ba316a693fcc9a,16dae42f9f7f280b4a3d47eb5126e6e327f2417757d928ade1ba316a693fcc9a
optimize-continuous-irrigation-lstm-surrogate-v1,script,optimize_continuous_irrigation_lstm_surrogate_v1.py,scripts/training/optimize_continuous_irrigation_lstm_surrogate_v1.py,active,optimize continuous irrigation lstm surrogate v1,training,,,,false,false,cd40b143cf6b85658407fee0788f03550f1461b34949de5c67f97ccdd67d2967,cd40b143cf6b85658407fee0788f03550f1461b34949de5c67f97ccdd67d2967
plan-continuous-irrigation-sampling-v1,script,plan_continuous_irrigation_sampling_v1.py,scripts/data_preparation/plan_continuous_irrigation_sampling_v1.py,active,plan continuous irrigation sampling v1,data_preparation,,,,false,false,88fee1928df8c1d9ecd6b286afe3d23c5bb1b963fb7c298c73f6c3aad41bf502,88fee1928df8c1d9ecd6b286afe3d23c5bb1b963fb7c298c73f6c3aad41bf502
plan-old-year-paper-schedule-doy-aligned-v1,script,plan_old_year_paper_schedule_doy_aligned_v1.py,scripts/data_preparation/plan_old_year_paper_schedule_doy_aligned_v1.py,active,plan old year paper schedule doy aligned v1,data_preparation,,,,false,false,b08e14e57de6cadaf503d38103eb7750f1ad770e997fb96e064ae3115cdc5c4b,b08e14e57de6cadaf503d38103eb7750f1ad770e997fb96e064ae3115cdc5c4b
plan-tta-date-coverage-sampling-v1,script,plan_tta_date_coverage_sampling_v1.py,scripts/data_preparation/plan_tta_date_coverage_sampling_v1.py,active,plan tta date coverage sampling v1,data_preparation,,,,false,false,fd48c3b2915f0e5543e55bb191c04112659e94e331b4db16390d8cee9ea61afa,fd48c3b2915f0e5543e55bb191c04112659e94e331b4db16390d8cee9ea61afa
plot-anchor-expansion-v4-results-bilingual,script,plot_anchor_expansion_v4_results_bilingual.py,scripts/visualization/plot_anchor_expansion_v4_results_bilingual.py,active,plot anchor expansion v4 results bilingual,visualization,,,,false,false,a97960e59b1e722f7c0f8d70822a6f7eda1c7039af980f82ff5a652d34926668,a97960e59b1e722f7c0f8d70822a6f7eda1c7039af980f82ff5a652d34926668
prepare-author-ensemble-label-table,script,prepare_author_ensemble_label_table.py,scripts/data_preparation/prepare_author_ensemble_label_table.py,active,prepare author ensemble label table,data_preparation,,,,false,false,c96e5da8230601b58091be2d7a1bc42e4f0e853bf7f2cbeda6b5182318426a25,c96e5da8230601b58091be2d7a1bc42e4f0e853bf7f2cbeda6b5182318426a25
prepare-confirmed-5site-workspaces-v1,script,prepare_confirmed_5site_workspaces_v1.py,scripts/data_preparation/prepare_confirmed_5site_workspaces_v1.py,active,prepare confirmed 5site workspaces v1,data_preparation,,,,false,false,180d742e67ef5888ced3b20fa32227478e56472b0dcd9bd2ebb87843d9a8bc1f,180d742e67ef5888ced3b20fa32227478e56472b0dcd9bd2ebb87843d9a8bc1f
prepare-continuous-ir-12site-workspaces-v1,script,prepare_continuous_ir_12site_workspaces_v1.py,scripts/data_preparation/prepare_continuous_ir_12site_workspaces_v1.py,active,prepare continuous ir 12site workspaces v1,data_preparation,,,,false,false,449f198934567f5ad1917f4eee06d2952c73c16015cde09826282e2098e1f33e,449f198934567f5ad1917f4eee06d2952c73c16015cde09826282e2098e1f33e
prepare-restart-surrogate-table,script,prepare_restart_surrogate_table.py,scripts/data_preparation/prepare_restart_surrogate_table.py,active,prepare restart surrogate table,data_preparation,,,,false,false,d247ba16968f2011d26043776aec505ed8889248a337696e5951d91e20fa41e3,d247ba16968f2011d26043776aec505ed8889248a337696e5951d91e20fa41e3
prepare-shortterm-surrogate-v1,script,prepare_shortterm_surrogate_v1.py,scripts/data_preparation/prepare_shortterm_surrogate_v1.py,active,prepare shortterm surrogate v1,data_preparation,,,,false,false,ceb39f4acc3890a8042c153ecbd96c68ed0069d75381896f9cc946a476c23492,ceb39f4acc3890a8042c153ecbd96c68ed0069d75381896f9cc946a476c23492
restart-raw-audit,script,restart_raw_audit_v1.py,scripts/diagnostics/restart_raw_audit_v1.py,formal,restart raw audit v1,diagnostics,,,,true,true,175d7d8bf635c7d9b1ed1c0f3cfa2bff169205e36074423bc40ac8c7d9171ebe,175d7d8bf635c7d9b1ed1c0f3cfa2bff169205e36074423bc40ac8c7d9171ebe
resweep-binary-trigger-thresholds-v1,script,resweep_binary_trigger_thresholds_v1.py,scripts/training/resweep_binary_trigger_thresholds_v1.py,active,resweep binary trigger thresholds v1,training,,,,false,false,36d97639a833a5683656083d76d86d72032281eb9a38ae95446baccc5b8768c0,36d97639a833a5683656083d76d86d72032281eb9a38ae95446baccc5b8768c0
rootzone-flux-frequency-diagnostic-v1,script,rootzone_flux_frequency_diagnostic_v1.py,src/s2s_rtist/physics/rootzone_flux_frequency.py,formal,rootzone flux frequency diagnostic v1,physics,,,,true,false,f01352c91f1d1577927a76004e5be7bcce6090be942a5aed2f2a10600d918329,f01352c91f1d1577927a76004e5be7bcce6090be942a5aed2f2a10600d918329
confirmed-5site-smoke,script,run_confirmed_5site_restart_generation_smoke_v1.py,scripts/simulation/run_confirmed_5site_restart_generation_smoke_v1.py,formal,run confirmed 5site restart generation smoke v1,simulation,,,,true,true,ef756ee476ddd8d593b8ff75cf9e24100a648812e87a55e73232032ed9603739,ef756ee476ddd8d593b8ff75cf9e24100a648812e87a55e73232032ed9603739
run-confirmed-5site-true-input-multidate-smoke-v1,script,run_confirmed_5site_true_input_multidate_smoke_v1.py,scripts/simulation/run_confirmed_5site_true_input_multidate_smoke_v1.py,active,run confirmed 5site true input multidate smoke v1,simulation,,,,false,false,9e29dc0f4092395596a7a93322e823c5ea39ac1fe8c5acb246c7a6b87de71d38,9e29dc0f4092395596a7a93322e823c5ea39ac1fe8c5acb246c7a6b87de71d38
continuous-12site-generation,script,run_continuous_ir_12site_restart_generation_v1.py,scripts/simulation/run_continuous_ir_12site_restart_generation_v1.py,formal,run continuous ir 12site restart generation v1,simulation,,,,true,true,74d011919da6e65ccb3c6fa58766f2b09614d9e42194449d9425b99a21373590,74d011919da6e65ccb3c6fa58766f2b09614d9e42194449d9425b99a21373590
run-controlled-swap-completion-check-v1,script,run_controlled_swap_completion_check_v1.py,scripts/simulation/run_controlled_swap_completion_check_v1.py,active,run controlled swap completion check v1,simulation,,,,false,false,de8b63a788399aa13f192d98e3d45f81fd48394a65926d588d0d2477cd787cf8,de8b63a788399aa13f192d98e3d45f81fd48394a65926d588d0d2477cd787cf8
gefs-gridmet-bias,script,run_gefs_gridmet_bias_validation_v1.py,scripts/diagnostics/run_gefs_gridmet_bias_validation_v1.py,formal,run gefs gridmet bias validation v1,diagnostics,,,,true,true,d8e76ce06c8d544d2c19604e01a82149a3421aee6e33734d4cfca157040e2524,d8e76ce06c8d544d2c19604e01a82149a3421aee6e33734d4cfca157040e2524
rootzone-frequency,script,run_rootzone_flux_frequency_validation_v1.py,scripts/diagnostics/run_rootzone_flux_frequency_validation_v1.py,formal,run rootzone flux frequency validation v1,diagnostics,,,,true,true,fbdd740ef533d86e5475d2af039ac2514bf39f41afe454370d5e1b73e38c78a8,fbdd740ef533d86e5475d2af039ac2514bf39f41afe454370d5e1b73e38c78a8
smooth-tree-surrogate-candidates-v1,script,smooth_tree_surrogate_candidates_v1.py,scripts/training/smooth_tree_surrogate_candidates_v1.py,active,smooth tree surrogate candidates v1,training,,,,false,false,0c134797bacc9ba7a684cbf45a65670ee7de2f646159d0ed1acbb26da2eeb0b8,0c134797bacc9ba7a684cbf45a65670ee7de2f646159d0ed1acbb26da2eeb0b8
summarize-binary-trigger-calibration-selector-data-need-v1,script,summarize_binary_trigger_calibration_selector_data_need_v1.py,scripts/evaluation/summarize_binary_trigger_calibration_selector_data_need_v1.py,active,summarize binary trigger calibration selector data need v1,evaluation,,,,false,false,4b2b87798f8c5d4a3be6d105537f27eed2dec33749a27305037755fd6190622e,4b2b87798f8c5d4a3be6d105537f27eed2dec33749a27305037755fd6190622e
summarize-binary-trigger-mainline-v1,script,summarize_binary_trigger_mainline_v1.py,scripts/evaluation/summarize_binary_trigger_mainline_v1.py,active,summarize binary trigger mainline v1,evaluation,,,,false,false,5ad8fade992ed1e1fb22a183546a683661e49c49a18e874d95a9053f54200fd8,5ad8fade992ed1e1fb22a183546a683661e49c49a18e874d95a9053f54200fd8
summarize-continuous-ir-surrogate-models-v1,script,summarize_continuous_ir_surrogate_models_v1.py,scripts/evaluation/summarize_continuous_ir_surrogate_models_v1.py,active,summarize continuous ir surrogate models v1,evaluation,,,,false,false,d11532acea79b0540e72dfba20a81d8dfeaf89052b4eb47be6baa05e8c751609,d11532acea79b0540e72dfba20a81d8dfeaf89052b4eb47be6baa05e8c751609
summarize-fixed-list-local-refinement-mainline-v1,script,summarize_fixed_list_local_refinement_mainline_v1.py,scripts/evaluation/summarize_fixed_list_local_refinement_mainline_v1.py,active,summarize fixed list local refinement mainline v1,evaluation,,,,false,false,237c5387e88ad526503a5ced0a036978380742b9560312403cdff7b2e35750fe,237c5387e88ad526503a5ced0a036978380742b9560312403cdff7b2e35750fe
summarize-paper-fixed-list-era5-single-scenario-v1,script,summarize_paper_fixed_list_era5_single_scenario_v1.py,scripts/evaluation/summarize_paper_fixed_list_era5_single_scenario_v1.py,active,summarize paper fixed list era5 single scenario v1,evaluation,,,,false,false,06e26aff4a2ebad3462997673985e67190f54f343ba632a83453ff298a304e7c,06e26aff4a2ebad3462997673985e67190f54f343ba632a83453ff298a304e7c
summarize-restart-dataset,script,summarize_restart_dataset.py,scripts/evaluation/summarize_restart_dataset.py,active,summarize restart dataset,evaluation,,,,false,false,f369f02831c7f21bc235cd62df82b74214281f46c187bedce814b2c8863abc68,f369f02831c7f21bc235cd62df82b74214281f46c187bedce814b2c8863abc68
swap-three-output-labels-v1,script,swap_three_output_labels_v1.py,src/s2s_rtist/labels/swap_three_output_labels.py,formal,swap three output labels v1,labels,,,,true,false,de03be065b1770a0f06d5fd9044c0421f6fd124f0ea7dcd362192fa5fb89f263,de03be065b1770a0f06d5fd9044c0421f6fd124f0ea7dcd362192fa5fb89f263
sweep-continuous-ir-twohead-threshold-v1,script,sweep_continuous_ir_twohead_threshold_v1.py,scripts/training/sweep_continuous_ir_twohead_threshold_v1.py,active,sweep continuous ir twohead threshold v1,training,,,,false,false,7163731e68c9f1def53ca19b1230a929683726748fbfa6e56827476f02d05c8c,7163731e68c9f1def53ca19b1230a929683726748fbfa6e56827476f02d05c8c
train-confirmed-5site-true-input-surrogate-baseline-v1,script,train_confirmed_5site_true_input_surrogate_baseline_v1.py,scripts/training/train_confirmed_5site_true_input_surrogate_baseline_v1.py,active,train confirmed 5site true input surrogate baseline v1,training,,,,false,false,e5446003be873ded49b9f6a9eef0d38cf54b57ff466cc36ec009848c31ef8128,e5446003be873ded49b9f6a9eef0d38cf54b57ff466cc36ec009848c31ef8128
train-continuous-irrigation-binary-trigger-lstm-v1,script,train_continuous_irrigation_binary_trigger_lstm_v1.py,scripts/training/train_continuous_irrigation_binary_trigger_lstm_v1.py,active,train continuous irrigation binary trigger lstm v1,training,,,,false,false,9eb0d4f2bd4a5b6b3553bb3f11d80a5ec6626e712b00234390c46146189d0f8d,9eb0d4f2bd4a5b6b3553bb3f11d80a5ec6626e712b00234390c46146189d0f8d
train-continuous-irrigation-binary-trigger-weighted-lstm-v1,script,train_continuous_irrigation_binary_trigger_weighted_lstm_v1.py,scripts/training/train_continuous_irrigation_binary_trigger_weighted_lstm_v1.py,active,train continuous irrigation binary trigger weighted lstm v1,training,,,,false,false,a8b3f42137a534cfb40c8d65b97a71e1e808049bcefd64ab5f1e6a9a4a4c8c9c,a8b3f42137a534cfb40c8d65b97a71e1e808049bcefd64ab5f1e6a9a4a4c8c9c
train-continuous-irrigation-surrogate-baseline-v1,script,train_continuous_irrigation_surrogate_baseline_v1.py,scripts/training/train_continuous_irrigation_surrogate_baseline_v1.py,active,train continuous irrigation surrogate baseline v1,training,,,,false,false,e47329b2e95acceceb0b4036d1a56a5b6b9423129e35ce7d944d0cb910030a10,e47329b2e95acceceb0b4036d1a56a5b6b9423129e35ce7d944d0cb910030a10
train-continuous-irrigation-surrogate-lstm-ranker-v1,script,train_continuous_irrigation_surrogate_lstm_ranker_v1.py,scripts/training/train_continuous_irrigation_surrogate_lstm_ranker_v1.py,active,train continuous irrigation surrogate lstm ranker v1,training,,,,false,false,51f8d85bde75ccbcd607bd9e839188f8aa6dacf522b181c7677a4885adebcd1b,51f8d85bde75ccbcd607bd9e839188f8aa6dacf522b181c7677a4885adebcd1b
train-continuous-irrigation-surrogate-lstm-v1,script,train_continuous_irrigation_surrogate_lstm_v1.py,scripts/training/train_continuous_irrigation_surrogate_lstm_v1.py,active,train continuous irrigation surrogate lstm v1,training,,,,false,false,659a5afac46ed803904c282bfe89ef5af2a662a57bc47d3d554ee41140cf0df8,659a5afac46ed803904c282bfe89ef5af2a662a57bc47d3d554ee41140cf0df8
train-continuous-irrigation-surrogate-lstm-weighted-v1,script,train_continuous_irrigation_surrogate_lstm_weighted_v1.py,scripts/training/train_continuous_irrigation_surrogate_lstm_weighted_v1.py,active,train continuous irrigation surrogate lstm weighted v1,training,,,,false,false,ebf9a1af3ac5ceb4995e83751c40fac32c890f64b97f8f0ba408cfd4f87aa465,ebf9a1af3ac5ceb4995e83751c40fac32c890f64b97f8f0ba408cfd4f87aa465
train-continuous-irrigation-surrogate-mlp-nosklearn-v1,script,train_continuous_irrigation_surrogate_mlp_nosklearn_v1.py,scripts/training/train_continuous_irrigation_surrogate_mlp_nosklearn_v1.py,active,train continuous irrigation surrogate mlp nosklearn v1,training,,,,false,false,0c55ffa47ee5d9b598fb1db8ed46641d9942cb4a82cdade15a950ebcc4f8b994,0c55ffa47ee5d9b598fb1db8ed46641d9942cb4a82cdade15a950ebcc4f8b994
train-continuous-irrigation-surrogate-persite-tree-v1,script,train_continuous_irrigation_surrogate_persite_tree_v1.py,scripts/training/train_continuous_irrigation_surrogate_persite_tree_v1.py,active,train continuous irrigation surrogate persite tree v1,training,,,,false,false,e0da0b8432723ff9923602c581c6ce2e710edf2942d1c72d493428820a56318e,e0da0b8432723ff9923602c581c6ce2e710edf2942d1c72d493428820a56318e
train-continuous-irrigation-surrogate-tree-nosklearn-v1,script,train_continuous_irrigation_surrogate_tree_nosklearn_v1.py,scripts/training/train_continuous_irrigation_surrogate_tree_nosklearn_v1.py,active,train continuous irrigation surrogate tree nosklearn v1,training,,,,false,false,081155da5670d92150182188a9427470c5e13678c73af2dbdf88f3360586ea4e,081155da5670d92150182188a9427470c5e13678c73af2dbdf88f3360586ea4e
train-continuous-irrigation-surrogate-twohead-v1,script,train_continuous_irrigation_surrogate_twohead_v1.py,scripts/training/train_continuous_irrigation_surrogate_twohead_v1.py,active,train continuous irrigation surrogate twohead v1,training,,,,false,false,2433d29740da147e173e996705f2a1cd439dcbf8eba8607e05096a2e81c225c7,2433d29740da147e173e996705f2a1cd439dcbf8eba8607e05096a2e81c225c7
train-fixed-list-local-refinement-tree-v1,script,train_fixed_list_local_refinement_tree_v1.py,scripts/training/train_fixed_list_local_refinement_tree_v1.py,active,train fixed list local refinement tree v1,training,,,,false,false,e2bea8b794f6f64deaf6b83ad1bae73856b55487c9c976727784d3bffbd5b31d,e2bea8b794f6f64deaf6b83ad1bae73856b55487c9c976727784d3bffbd5b31d
train-persite-curve-dual-score-tinyforest-ranker-v1,script,train_persite_curve_dual_score_tinyforest_ranker_v1.py,scripts/training/train_persite_curve_dual_score_tinyforest_ranker_v1.py,active,train persite curve dual score tinyforest ranker v1,training,,,,false,false,9386054732b909e2f39d0fb8fc51adb4c4f3c3cfac35ff0e796694c027462451,9386054732b909e2f39d0fb8fc51adb4c4f3c3cfac35ff0e796694c027462451
train-persite-curve-mlp-ranker-v1,script,train_persite_curve_mlp_ranker_v1.py,scripts/training/train_persite_curve_mlp_ranker_v1.py,active,train persite curve mlp ranker v1,training,,,,false,false,c37c5fab821ce7e7a52203d24e9bb00d6af7ba00433d3c02b0f272ccb4b22f20,c37c5fab821ce7e7a52203d24e9bb00d6af7ba00433d3c02b0f272ccb4b22f20
train-persite-curve-top-tinyforest-ranker-v1,script,train_persite_curve_top_tinyforest_ranker_v1.py,scripts/training/train_persite_curve_top_tinyforest_ranker_v1.py,active,train persite curve top tinyforest ranker v1,training,,,,false,false,213033956602681332b4c1e828b06fa30ad3b38f143b0f86a49594c70f597439,213033956602681332b4c1e828b06fa30ad3b38f143b0f86a49594c70f597439
train-persite-curve-zero-margin-tinyforest-ranker-v1,script,train_persite_curve_zero_margin_tinyforest_ranker_v1.py,scripts/training/train_persite_curve_zero_margin_tinyforest_ranker_v1.py,active,train persite curve zero margin tinyforest ranker v1,training,,,,false,false,be45aee03b76af8ec327107ddc278acd020ec988b90957ceafcf07e7a55459c0,be45aee03b76af8ec327107ddc278acd020ec988b90957ceafcf07e7a55459c0
train-persite-fixedlist-first-tinyforest-ranker-v1,script,train_persite_fixedlist_first_tinyforest_ranker_v1.py,scripts/training/train_persite_fixedlist_first_tinyforest_ranker_v1.py,active,train persite fixedlist first tinyforest ranker v1,training,,,,false,false,81faae3e4cfed61c8c51b922911143ae8856c9814dc01f61d2f9985863b88347,81faae3e4cfed61c8c51b922911143ae8856c9814dc01f61d2f9985863b88347
train-persite-lstm-profit-surrogate-v1,script,train_persite_lstm_profit_surrogate_v1.py,scripts/training/train_persite_lstm_profit_surrogate_v1.py,active,train persite lstm profit surrogate v1,training,,,,false,false,5fc2185a6e064611641065acdd2d5f645b2e0b3b1657fc589efa533c7d08c133,5fc2185a6e064611641065acdd2d5f645b2e0b3b1657fc589efa533c7d08c133
train-persite-tinyforest-profit-surrogate-v1,script,train_persite_tinyforest_profit_surrogate_v1.py,scripts/training/train_persite_tinyforest_profit_surrogate_v1.py,active,train persite tinyforest profit surrogate v1,training,,,,false,false,70b38e2a617945062ca6b514f9cc52a4ca02a80309ca4b67f8d7a7e43c4942c6,70b38e2a617945062ca6b514f9cc52a4ca02a80309ca4b67f8d7a7e43c4942c6
train-shortterm-surrogate-baseline-v1,script,train_shortterm_surrogate_baseline_v1.py,scripts/training/train_shortterm_surrogate_baseline_v1.py,active,train shortterm surrogate baseline v1,training,,,,false,false,d0ca251eb83180796f9aa3751f4c8ef763dcadd391c0c8492483e3d21d83a37f,d0ca251eb83180796f9aa3751f4c8ef763dcadd391c0c8492483e3d21d83a37f
train-shortterm-surrogate-ranker-v1,script,train_shortterm_surrogate_ranker_v1.py,scripts/training/train_shortterm_surrogate_ranker_v1.py,active,train shortterm surrogate ranker v1,training,,,,false,false,44a3216635240396c6c129830af2239fe9fe67fd410c4687d11eaf8d5ee4aac2,44a3216635240396c6c129830af2239fe9fe67fd410c4687d11eaf8d5ee4aac2
train-shortterm-surrogate-tree-nosklearn-expanded-v1,script,train_shortterm_surrogate_tree_nosklearn_expanded_v1.py,scripts/training/train_shortterm_surrogate_tree_nosklearn_expanded_v1.py,active,train shortterm surrogate tree nosklearn expanded v1,training,,,,false,false,3f082179449c37f9abbcd994481dd18692722be9b328c31a74210839a29af2ec,3f082179449c37f9abbcd994481dd18692722be9b328c31a74210839a29af2ec
train-shortterm-surrogate-tree-nosklearn-v1,script,train_shortterm_surrogate_tree_nosklearn_v1.py,scripts/training/train_shortterm_surrogate_tree_nosklearn_v1.py,active,train shortterm surrogate tree nosklearn v1,training,,,,false,false,4d16b24450a1a1daff7a5b1b36d3891bf8ea76203462cc61d14e7a761da5419e,4d16b24450a1a1daff7a5b1b36d3891bf8ea76203462cc61d14e7a761da5419e
train-shortterm-surrogate-tree-v1,script,train_shortterm_surrogate_tree_v1.py,scripts/training/train_shortterm_surrogate_tree_v1.py,active,train shortterm surrogate tree v1,training,,,,false,false,c46f357ba8fb6009111f8ccb40a12f0c1e8c13c7e7e360ae7a5ac2aef3174394,c46f357ba8fb6009111f8ccb40a12f0c1e8c13c7e7e360ae7a5ac2aef3174394
validate-three-output-smoke-v1,script,validate_three_output_smoke_v1.py,src/s2s_rtist/validation/three_output_smoke.py,formal,validate three output smoke v1,validation,,,,true,false,9fe3113fb34d4d3eec0333bae7779e849e9eab5f1b0f2735983ef58f3881f874,9fe3113fb34d4d3eec0333bae7779e849e9eab5f1b0f2735983ef58f3881f874
visualize-decision-label-comparison-old-year-vs-paper-cached-v1,script,visualize_decision_label_comparison_old_year_vs_paper_cached_v1.py,scripts/visualization/visualize_decision_label_comparison_old_year_vs_paper_cached_v1.py,active,visualize decision label comparison old year vs paper cached v1,visualization,,,,false,false,48c81abf4a5e26b9e09c6743573a69e941acc6449e0b2ef0d6d72a7654bda679,48c81abf4a5e26b9e09c6743573a69e941acc6449e0b2ef0d6d72a7654bda679
visualize-old-year-paper-fixed-list-era5-single-scenario-labels-v1,script,visualize_old_year_paper_fixed_list_era5_single_scenario_labels_v1.py,scripts/visualization/visualize_old_year_paper_fixed_list_era5_single_scenario_labels_v1.py,active,visualize old year paper fixed list era5 single scenario labels v1,visualization,,,,false,false,140350c19359ef41b719b35ab34e4e3a2f086f6d9699f507468d329b4f881cd8,140350c19359ef41b719b35ab34e4e3a2f086f6d9699f507468d329b4f881cd8
visualize-paper-cached-schedule-v1,script,visualize_paper_cached_schedule_v1.py,scripts/visualization/visualize_paper_cached_schedule_v1.py,active,visualize paper cached schedule v1,visualization,,,,false,false,fd32aa64e2a4be16f4891353f572f81b7989a12f55d19a41a077392ca5115151,fd32aa64e2a4be16f4891353f572f81b7989a12f55d19a41a077392ca5115151
visualize-paper-schedule-doy-aligned-vs-2024-paper-cached-v1,script,visualize_paper_schedule_doy_aligned_vs_2024_paper_cached_v1.py,scripts/visualization/visualize_paper_schedule_doy_aligned_vs_2024_paper_cached_v1.py,active,visualize paper schedule doy aligned vs 2024 paper cached v1,visualization,,,,false,false,45f8619c7202fd339e14d14edfa6def8417579de57e59e6e97c23a455e8f24e5,45f8619c7202fd339e14d14edfa6def8417579de57e59e6e97c23a455e8f24e5
